-- MoneyNote 2026 workbook import
-- Generated from migration/2026.xlsx

BEGIN;

-- Months
INSERT INTO public.months (month) VALUES
  ('2026-01'),
  ('2026-02'),
  ('2026-03'),
  ('2026-04'),
  ('2026-05');

-- Month settings
INSERT INTO public.month_settings (month, total_budget, toggles) VALUES
  ('2026-01', 1000000, '{}'::jsonb),
  ('2026-02', 1000000, '{}'::jsonb),
  ('2026-03', 1000000, '{}'::jsonb),
  ('2026-04', 1000000, '{}'::jsonb),
  ('2026-05', 1000000, '{}'::jsonb);

-- Category month settings
INSERT INTO public.category_month_settings (month, name, budget, inactive, sort_order) VALUES
  ('2026-01', '외식배달', 100000, false, 0),
  ('2026-01', '식료품', 400000, false, 1),
  ('2026-01', '취미생활', 100000, false, 2),
  ('2026-01', '생필품', 150000, false, 3),
  ('2026-01', '애들', 100000, false, 4),
  ('2026-01', '양가', 50000, false, 5),
  ('2026-01', '품위유지', 100000, false, 6),
  ('2026-01', '여행', 0, false, 7),
  ('2026-01', '충전', 0, false, 8),
  ('2026-01', '자동차', 0, false, 9),
  ('2026-01', '병원', 0, false, 10),
  ('2026-01', '위고비', 0, false, 11),
  ('2026-02', '외식배달', 100000, false, 0),
  ('2026-02', '식료품', 400000, false, 1),
  ('2026-02', '취미생활', 100000, false, 2),
  ('2026-02', '생필품', 150000, false, 3),
  ('2026-02', '애들', 100000, false, 4),
  ('2026-02', '양가', 50000, false, 5),
  ('2026-02', '품위유지', 100000, false, 6),
  ('2026-02', '여행', 0, false, 7),
  ('2026-02', '충전', 0, false, 8),
  ('2026-02', '솔지', 0, false, 9),
  ('2026-02', '병원', 0, false, 10),
  ('2026-02', '위고비', 0, false, 11),
  ('2026-03', '외식배달', 100000, false, 0),
  ('2026-03', '식료품', 400000, false, 1),
  ('2026-03', '취미생활', 100000, false, 2),
  ('2026-03', '생필품', 150000, false, 3),
  ('2026-03', '애들', 100000, false, 4),
  ('2026-03', '양가', 50000, false, 5),
  ('2026-03', '품위유지', 100000, false, 6),
  ('2026-03', '병원', 0, false, 7),
  ('2026-03', '충전', 0, false, 8),
  ('2026-03', '리쥬란', 0, false, 9),
  ('2026-03', '자동차', 0, false, 10),
  ('2026-03', '위고비', 0, false, 11),
  ('2026-04', '외식배달', 100000, false, 0),
  ('2026-04', '식료품', 400000, false, 1),
  ('2026-04', '취미생활', 100000, false, 2),
  ('2026-04', '생필품', 150000, false, 3),
  ('2026-04', '애들', 100000, false, 4),
  ('2026-04', '양가', 50000, false, 5),
  ('2026-04', '품위유지', 100000, false, 6),
  ('2026-04', '재욱', 0, false, 7),
  ('2026-04', '충전', 0, false, 8),
  ('2026-04', '여행', 0, false, 9),
  ('2026-04', '자동차', 0, false, 10),
  ('2026-04', '솔지', 0, false, 11),
  ('2026-05', '외식배달', 100000, false, 0),
  ('2026-05', '식료품', 400000, false, 1),
  ('2026-05', '취미생활', 100000, false, 2),
  ('2026-05', '생필품', 150000, false, 3),
  ('2026-05', '애들', 100000, false, 4),
  ('2026-05', '양가', 50000, false, 5),
  ('2026-05', '품위유지', 100000, false, 6),
  ('2026-05', '재욱', 0, false, 7),
  ('2026-05', '충전', 0, false, 8),
  ('2026-05', '여행', 0, false, 9),
  ('2026-05', '위고비', 0, false, 10),
  ('2026-05', '솔지', 0, false, 11);

-- Card month settings
INSERT INTO public.card_month_settings (month, name, perf, disc, perf_default, disc_default, owner, inactive, sort_order) VALUES
  ('2026-01', 'mg+s(나)', 510910, 17900, true, true, 'me', false, 0),
  ('2026-01', 'mg+s(나)할인', 300000, 0, false, true, 'me', false, 1),
  ('2026-01', 'KB포인트', 200000, 0, true, false, 'me', false, 2),
  ('2026-01', '더모아', 300000, 56300, true, true, 'me', false, 3),
  ('2026-01', '제일(3일이후)', 300000, 0, true, false, 'me', false, 4),
  ('2026-01', '재욱제이드', 30000, 0, true, false, 'spouse', false, 5),
  ('2026-01', '내 제이드', 30000, 0, true, false, 'me', false, 6),
  ('2026-01', '♥우리알뜰', 200000, 50000, true, true, 'common', false, 7),
  ('2026-01', 'mg+s(재욱)', 150000, 17000, true, true, 'spouse', false, 8),
  ('2026-01', 'mg+s(재욱)할인', 150000, 0, false, true, 'spouse', false, 9),
  ('2026-01', '삼성월렛머니', 0, 0, false, false, 'me', false, 10),
  ('2026-01', '제이드', 0, 0, false, false, 'me', false, 11),
  ('2026-01', '재욱통장', 0, 0, false, false, 'spouse', false, 12),
  ('2026-01', '삼성월렛페이', 0, 0, false, false, 'me', false, 13),
  ('2026-01', '케이퍼스트', 0, 0, false, false, 'me', false, 14),
  ('2026-01', '현장결제', 0, 0, false, false, 'me', false, 15),
  ('2026-02', 'mg+s(나)', 1, 17900, true, true, 'me', false, 0),
  ('2026-02', 'mg+s(나)할인', 600000, 0, false, true, 'me', false, 1),
  ('2026-02', 'KB포인트', 200000, 0, true, false, 'me', false, 2),
  ('2026-02', '더모아', 300000, 56300, true, true, 'me', false, 3),
  ('2026-02', '제일(3일이후)', 300000, 0, true, false, 'me', false, 4),
  ('2026-02', '재욱제이드', 30000, 0, true, false, 'spouse', false, 5),
  ('2026-02', '내 제이드', 30000, 0, true, false, 'me', false, 6),
  ('2026-02', '♥우리알뜰', 200000, 50000, true, true, 'common', false, 7),
  ('2026-02', 'mg+s(재욱)', 150000, 17000, true, true, 'spouse', false, 8),
  ('2026-02', 'mg+s(재욱)할인', 150000, 0, false, true, 'spouse', false, 9),
  ('2026-02', 'mg', 0, 0, false, false, 'me', false, 10),
  ('2026-02', '삼성월렛', 0, 0, false, false, 'me', false, 11),
  ('2026-02', '계좌이체', 0, 0, false, false, 'me', false, 12),
  ('2026-02', '케이퍼스트', 0, 0, false, false, 'me', false, 13),
  ('2026-03', 'mg+s(나)', 1000000, 0, true, false, 'me', false, 0),
  ('2026-03', 'mg+s(나)할인', 1, 0, false, true, 'me', false, 1),
  ('2026-03', 'KB포인트', 200000, 0, true, false, 'me', false, 2),
  ('2026-03', '더모아', 300000, 56300, true, true, 'me', false, 3),
  ('2026-03', '제일(3일이후)', 300000, 0, true, false, 'me', false, 4),
  ('2026-03', '농협', 200000, 0, true, false, 'me', false, 5),
  ('2026-03', '현대', 200000, 0, true, false, 'me', false, 6),
  ('2026-03', '재욱제이드', 30000, 0, true, false, 'spouse', false, 7),
  ('2026-03', '내 제이드', 30000, 0, true, false, 'me', false, 8),
  ('2026-03', '♥우리알뜰', 200000, 50000, true, true, 'common', false, 9),
  ('2026-03', 'mg+s(재욱)', 600000, 17000, true, true, 'spouse', false, 10),
  ('2026-03', 'mg+s(재욱)할인', 1, 0, false, true, 'spouse', false, 11),
  ('2026-03', '서울사랑', 0, 0, false, false, 'me', false, 12),
  ('2026-03', '더모아+쿠폰', 0, 0, false, false, 'me', false, 13),
  ('2026-04', 'mg+s(나)', 600000, 442582, true, true, 'me', false, 0),
  ('2026-04', 'mg+s(나)할인', 412800, 0, false, true, 'me', false, 1),
  ('2026-04', 'KB포인트', 200000, 0, true, false, 'me', false, 2),
  ('2026-04', '더모아', 300000, 38400, true, true, 'me', false, 3),
  ('2026-04', '제일(3일이후)', 300000, 0, true, false, 'me', false, 4),
  ('2026-04', '농협', 44229, 0, true, false, 'me', false, 5),
  ('2026-04', '현대', 24460, 0, true, false, 'me', false, 6),
  ('2026-04', '재욱제이드', 30000, 0, true, false, 'spouse', false, 7),
  ('2026-04', '내 제이드', 30000, 0, true, false, 'me', false, 8),
  ('2026-04', '♥우리알뜰', 200000, 50000, true, true, 'common', false, 9),
  ('2026-04', 'mg+s(재욱)', 300000, 179940, true, true, 'spouse', false, 10),
  ('2026-04', 'mg+s(재욱)할인', 300000, 0, false, true, 'spouse', false, 11),
  ('2026-04', '내 스무살우리', 0, 0, false, false, 'common', false, 12),
  ('2026-04', '내 선불교통', 0, 0, false, false, 'me', false, 13),
  ('2026-04', '재욱 스무살우리', 0, 0, false, false, 'spouse', false, 14),
  ('2026-04', '재욱 선불교통', 0, 0, false, false, 'spouse', false, 15),
  ('2026-04', '현금', 0, 0, false, false, 'me', false, 16),
  ('2026-05', 'mg+s(나)', 600000, 340000, true, true, 'me', false, 0),
  ('2026-05', 'mg+s(나)할인', 300000, 0, false, true, 'me', false, 1),
  ('2026-05', 'KB포인트', 200000, 0, true, false, 'me', false, 2),
  ('2026-05', '더모아', 300000, 38400, true, true, 'me', false, 3),
  ('2026-05', '제일현대체크', 300000, 0, true, false, 'me', false, 4),
  ('2026-05', '재욱제이드', 30000, 0, true, false, 'spouse', false, 5),
  ('2026-05', '내 제이드', 30000, 0, true, false, 'me', false, 6),
  ('2026-05', '♥우리알뜰', 1, 0, true, false, 'common', false, 7),
  ('2026-05', 'mg+s(재욱)', 300000, 147955, true, true, 'spouse', false, 8),
  ('2026-05', 'mg+s(재욱)할인', 150000, 0, false, true, 'spouse', false, 9),
  ('2026-05', '내 mg', 0, 0, false, false, 'me', false, 10),
  ('2026-05', '네이버페이체크', 0, 0, false, false, 'me', false, 11);

-- Transactions
INSERT INTO public.transactions (month, sort_order, date, item, amount, shop, card, category, perf, disc, status, memo) VALUES
  ('2026-01', 0, '2025-12-16', '츄르 4*15', 30000, '어바웃펫', 'mg+s(나)', '', false, false, '', ''),
  ('2026-01', 1, '2026-01-27', '재욱 보험', 130589, '삼성화재', 'mg+s(재욱)', '', true, false, '', ''),
  ('2026-01', 2, '2026-01-05', '라유4', 43720, '롯데온', '삼성월렛머니', '애들', false, false, '', ''),
  ('2026-01', 3, '2026-01-01', '젤리 및 와사비 등등', 32180, '네이버', 'mg+s(나)할인', '식료품', false, true, '', ''),
  ('2026-01', 4, '2026-01-01', '신발', 17910, '네이버', 'mg+s(나)할인', '품위유지', false, true, '', ''),
  ('2026-01', 5, '2026-01-01', '주차', 1000, '모두의주차장', 'mg+s(나)', '취미생활', true, false, '', ''),
  ('2026-01', 6, '2026-01-01', '리퀴드', 18000, '루시드', 'mg+s(나)', '애들', true, false, '', ''),
  ('2026-01', 7, '2026-01-02', '미용실', 20000, '살롱인숲', 'mg+s(나)', '품위유지', true, false, '', ''),
  ('2026-01', 8, '2026-01-02', '회', 39000, '배민', 'mg+s(나)할인', '외식배달', false, true, '', ''),
  ('2026-01', 9, '2026-01-02', '백산동물병원', 42000, '백산', 'mg+s(나)', '', false, false, '', ''),
  ('2026-01', 10, '2026-01-04', '하림 너겟 4kg', 28500, '네이버', '더모아', '식료품', true, false, '', ''),
  ('2026-01', 11, '2026-01-05', '21그램', 400000, '21그램', 'mg+s(나)할인', '애들', false, true, '', ''),
  ('2026-01', 12, '2026-01-06', '점심', 51000, '라멘집', 'mg+s(나)', '외식배달', true, false, '', ''),
  ('2026-01', 13, '2026-01-06', '두쫀쿠', 9000, '사피엔스', 'mg+s(나)', '외식배달', true, false, '', ''),
  ('2026-01', 14, '2026-01-06', '월드콘 초코 24개', 18630, '11번가', '제일(3일이후)', '식료품', true, false, '', ''),
  ('2026-01', 15, '2026-01-07', '고구마 특상 3kg', 6700, '네이버', '더모아', '식료품', true, false, '', ''),
  ('2026-01', 16, '2026-01-08', '홈플 우유', 6990, '홈플', '더모아', '', false, false, '', ''),
  ('2026-01', 17, '2026-01-08', '홈플 과일', 32970, '홈플', '제이드', '', false, false, '', ''),
  ('2026-01', 18, '2026-01-07', '치과', 7500, '콤비치과', '더모아', '병원', true, false, '', ''),
  ('2026-01', 19, '2026-01-08', '고구마라떼', 2600, '매머드', '제일(3일이후)', '식료품', true, false, '', ''),
  ('2026-01', 20, '2026-01-08', '노트북', 300000, '재욱회사', '재욱통장', '취미생활', false, false, '', ''),
  ('2026-01', 21, '2026-01-07', '커피', 2500, '해피커피', '더모아', '품위유지', true, false, '', ''),
  ('2026-01', 22, '2026-01-07', '메가 기프티콘', 5440, '11번가', '제일(3일이후)', '외식배달', true, false, '', ''),
  ('2026-01', 23, '2026-01-08', '롯데마트', 6340, '롯데마트', '더모아', '식료품', true, false, '', ''),
  ('2026-01', 24, '2026-01-09', '육개장 사발면 24', 13980, '네이버', '더모아', '식료품', true, false, '', ''),
  ('2026-01', 25, '2026-01-09', '샐러리', 7000, '네이버', '더모아', '식료품', true, false, '', ''),
  ('2026-01', 26, '2026-01-09', '약국', 4000, '약국', 'mg+s(나)', '병원', true, false, '', ''),
  ('2026-01', 27, '2026-01-11', '마요네즈 머스터드 호떡믹스', 25500, '쿠팡', '더모아', '식료품', true, false, '', ''),
  ('2026-01', 28, '2026-01-12', '컬쳐', 186000, '지마켓', '제일(3일이후)', '', true, false, '', ''),
  ('2026-01', 29, '2026-01-12', '귀리우유 190*24', 15660, '롯데온', '삼성월렛페이', '식료품', false, false, '', ''),
  ('2026-01', 30, '2026-01-14', '처방2만 0.5 26.4만', 284000, '연세속편한내과', 'mg+s(나)', '위고비', true, false, '', ''),
  ('2026-01', 31, '2026-01-16', '자동차세', 124040, '서울시', '제일(3일이후)', '자동차', true, false, '', ''),
  ('2026-01', 32, '2026-01-15', '실비', 117742, '삼성화재', 'mg+s(나)', '', true, false, '', ''),
  ('2026-01', 33, '2026-01-15', '오봉집 음료', 1000, '오봉집', 'mg+s(재욱)', '외식배달', true, false, '', ''),
  ('2026-01', 34, '2026-01-16', '컬리', 14000, '컬리', '더모아', '식료품', true, false, '', ''),
  ('2026-01', 35, '2026-01-17', '치과(온레이 일부결제)', 100000, '광화문광장치과의원', 'KB포인트', '병원', true, false, '', ''),
  ('2026-01', 36, '2026-01-18', '가스', 26350, '예스코', '더모아', '', true, false, '', ''),
  ('2026-01', 37, '2026-01-22', '다이소', 6000, '다이소', '더모아', '생필품', true, false, '', ''),
  ('2026-01', 38, '2026-01-23', '로얄캐닌피트 4kg', 45800, '고양이대통령', 'mg+s(재욱)할인', '애들', false, true, '', ''),
  ('2026-01', 39, '2026-01-04', '와플대학', 4500, '와플대학', 'mg+s(재욱)', '외식배달', true, false, '', ''),
  ('2026-01', 40, '2026-01-12', '다이소', 1500, '다이소', 'mg+s(재욱)', '생필품', true, false, '', ''),
  ('2026-01', 41, '2026-01-24', '과일', 33970, '홈플', '재욱제이드', '식료품', true, false, '', ''),
  ('2026-01', 42, '2026-01-25', '홈플', 5990, '홈플', '더모아', '식료품', true, false, '', ''),
  ('2026-01', 43, '2026-01-23', 'GPT', 29370, 'openai', 'mg+s(재욱)', '', true, false, '', ''),
  ('2026-01', 44, '2026-01-28', '김치', 17400, '홈플', '더모아', '식료품', true, false, '1', ''),
  ('2026-01', 45, '2026-01-28', '김치', 17400, '홈플', '더모아', '식료품', true, false, '', ''),
  ('2026-01', 46, '2026-01-29', '알리', 8000, '알리', '더모아', '취미생활', true, false, '1', ''),
  ('2026-01', 47, '2026-01-29', '잠수풀', 10000, '잠수풀', '더모아', '취미생활', true, false, '', ''),
  ('2026-01', 48, '2026-01-28', '발리숙소', 320000, '아고다', '케이퍼스트', '여행', false, false, '', ''),
  ('2026-01', 49, '2026-01-28', '발리숙소', 49000, '부킹닷컴', '케이퍼스트', '여행', false, false, '', ''),
  ('2026-01', 50, '2026-01-28', '발리숙소', 48000, '아고다', '현장결제', '', false, false, '', ''),
  ('2026-01', 51, '2026-01-26', '미야코지마 비행기', 381800, '진에어', '케이퍼스트', '여행', false, false, '', ''),
  ('2026-01', 52, '2026-01-30', '충전', 5424, '', '더모아', '충전', true, false, '', ''),
  ('2026-01', 53, '2026-01-31', '충전', 5763, '', '더모아', '충전', true, false, '', ''),
  ('2026-01', 54, '2026-01-31', '충전', 10509, '', '더모아', '충전', true, false, '', ''),
  ('2026-01', 55, '2026-01-31', '빵', 32000, '브래드칸', '내 제이드', '식료품', true, false, '', ''),
  ('2026-01', 56, '2026-01-31', '초밥', 17000, '롯데마트', '더모아', '외식배달', true, false, '', ''),
  ('2026-01', 57, '2026-01-31', '크림펫 숨숨집 스크래쳐', 35400, '11번가', '더모아', '애들', true, false, '', ''),
  ('2026-02', 0, '2026-02-23', '재욱 보험', 130589, '삼성화재', 'mg+s(재욱)', '', true, false, '', ''),
  ('2026-02', 1, '2026-02-19', '수영', 96900, '휘경이문복지관', 'mg+s(재욱)할인', '취미생활', false, true, '', ''),
  ('2026-02', 2, '2026-02-01', '환갑풍선', 49000, '네이버', 'mg+s(나)할인', '양가', false, true, '', ''),
  ('2026-02', 3, '2026-02-01', '김치', 36180, '홈플러스', 'mg+s(나)할인', '식료품', false, true, '', ''),
  ('2026-02', 4, '2026-02-02', '커피', 17000, '기프티쇼', 'mg', '솔지', false, false, '', ''),
  ('2026-02', 5, '2026-02-03', '라유모래 4kg*4', 43780, '롯데온', '삼성월렛', '애들', false, false, '', ''),
  ('2026-02', 6, '2026-02-04', '컬쳐 7', 325850, '지마켓', '제일(3일이후)', '', true, false, '', ''),
  ('2026-02', 7, '2026-02-07', '치과', 150000, '광화문광장치과', 'mg+s(나)할인', '병원', false, true, '', ''),
  ('2026-02', 8, '2026-02-08', '이춘복', 248000, '이춘복참치', 'mg+s(나)할인', '양가', false, true, '', ''),
  ('2026-02', 9, '2026-02-05', '로얄캐닌 피트 4kg', 47250, '고양이대통령', 'mg+s(나)할인', '애들', false, true, '', ''),
  ('2026-02', 10, '2026-02-06', '네일', 16000, '빨간네일', '계좌이체', '솔지', false, false, '', ''),
  ('2026-02', 11, '2026-02-07', '충전', 5763, '테슬라', '더모아', '충전', true, false, '', ''),
  ('2026-02', 12, '2026-02-08', '충전', 5763, '테슬라', '더모아', '충전', true, false, '', ''),
  ('2026-02', 13, '2026-02-08', '콜라 210 60개', 21510, '지마켓', 'mg+s(나)할인', '식료품', false, true, '', ''),
  ('2026-02', 14, '2026-02-07', '미용실 예약금', 5000, '네이버', '내 제이드', '솔지', true, false, '', ''),
  ('2026-02', 15, '2026-02-09', '미용실', 17000, '리안헤어', 'mg+s(나)할인', '솔지', false, true, '', ''),
  ('2026-02', 16, '2026-02-06', '미용실', 20000, '살롱인숲', '재욱제이드', '', true, false, '', ''),
  ('2026-02', 17, '2026-02-10', '우유 스파게티면', 6500, '홈플러스', '더모아', '식료품', true, false, '', ''),
  ('2026-02', 18, '2026-02-09', '과자', 20000, '홈플러스', '더모아', '식료품', true, false, '', ''),
  ('2026-02', 19, '2026-02-10', '잠수풀', 10000, '잠수풀', '내 제이드', '취미생활', true, false, '', ''),
  ('2026-02', 20, '2026-02-10', '빌리프 75+90', 53800, '네이버', 'mg+s(재욱)할인', '생필품', false, true, '', ''),
  ('2026-02', 21, '2026-02-11', '양말', 24000, '네이버', '더모아', '품위유지', true, false, '', ''),
  ('2026-02', 22, '2026-02-12', '키친타올', 7900, 'cj?', '더모아', '생필품', true, false, '', ''),
  ('2026-02', 23, '2026-02-13', '쿠팡 맴버쉽', 7890, '쿠팡', 'mg+s(나)할인', '취미생활', false, true, '', ''),
  ('2026-02', 24, '2026-02-13', '샴푸+린스 2+2', 16000, '지마켓', '더모아', '생필품', true, false, '', ''),
  ('2026-02', 25, '2026-02-13', '크린베베 대형 생리대', 8100, '쿠팡', '더모아', '', true, false, '', ''),
  ('2026-02', 26, '2026-02-14', '나세르', 960000, '나세르', '케이퍼스트', '', false, false, '', ''),
  ('2026-02', 27, '2026-02-14', '충전', 5763, '테슬라', '더모아', '충전', true, false, '', ''),
  ('2026-02', 28, '2026-02-14', '블루보틀', 6600, '블루보틀', '더모아', '취미생활', true, false, '', ''),
  ('2026-02', 29, '2026-02-16', '퍼펙트휩3+초록1', 23000, '올리브영', '더모아', '생필품', true, false, '', ''),
  ('2026-02', 30, '2026-02-16', '현미5kg', 10000, '쿠팡', '더모아', '식료품', true, false, '', ''),
  ('2026-02', 31, '2026-02-18', '기후동행충전', 62000, '기후동행', '더모아', '', false, false, '', ''),
  ('2026-02', 32, '2026-02-18', '리조또', 4000, '쿠팡이츠', '내 제이드', '외식배달', true, false, '', ''),
  ('2026-02', 33, '2026-02-11', '청하', 6000, '남해바다마차', '재욱제이드', '외식배달', true, false, '', ''),
  ('2026-02', 34, '2026-02-20', '편의점', 5900, 'gs', '더모아', '외식배달', true, false, '', ''),
  ('2026-02', 35, '2026-02-20', '부채살 1.2kg', 30480, '홈플러스', 'mg+s(나)할인', '식료품', false, true, '', ''),
  ('2026-02', 36, '2026-02-20', '토마토 2kg', 9900, '홈플', '더모아', '식료품', true, false, '', ''),
  ('2026-02', 37, '2026-02-20', '양파2kg 생크림', 7000, '홈플', '더모아', '식료품', true, false, '', ''),
  ('2026-02', 38, '2026-02-20', '경진님 선물', 38000, '쿠팡', '더모아', '솔지', true, false, '', ''),
  ('2026-02', 39, '2026-02-20', '듀벨 샤워기+필터5개', 18000, '네이버', '더모아', '생필품', true, false, '', ''),
  ('2026-02', 40, NULL, '이모야킨지로 고구마', 11500, '더현대', '내 제이드', '', true, false, '', ''),
  ('2026-02', 41, '2026-02-21', '충전', 6780, '테슬라', '더모아', '충전', true, false, '', ''),
  ('2026-02', 42, '2026-02-22', '충전', 5763, '테슬라', '더모아', '충전', true, false, '', ''),
  ('2026-02', 43, '2026-02-23', '커피', 18800, '인더스트리얼', '더모아', '솔지', true, false, '', ''),
  ('2026-02', 44, '2026-02-23', 'chat gpt', 29285, 'onpenai', 'mg+s(재욱)', '', true, false, '', ''),
  ('2026-02', 45, '2026-02-24', 'claude', 30000, 'antropic', 'mg+s(재욱)', '', true, false, '', ''),
  ('2026-02', 46, '2026-02-24', '속옷', 9900, '지마켓', '더모아', '생필품', true, false, '1', ''),
  ('2026-02', 47, '2026-02-24', '김밥', 6000, '배민', '더모아', '외식배달', true, false, '', ''),
  ('2026-02', 48, '2026-02-24', '홈플', 14000, '홈플', '더모아', '식료품', true, false, '', ''),
  ('2026-02', 49, '2026-02-24', '홈플', 11000, '홈플', '더모아', '식료품', true, false, '', ''),
  ('2026-02', 50, '2026-02-24', '홈플', 7990, '홈플', '더모아', '식료품', true, false, '', ''),
  ('2026-02', 51, '2026-02-24', '홈플', 7990, '홈플', '더모아', '식료품', true, false, '', ''),
  ('2026-02', 52, '2026-02-25', '김밥', 6000, '배민', '더모아', '외식배달', true, false, '', ''),
  ('2026-02', 53, '2026-02-25', '홈플', 6000, '홈플', '더모아', '식료품', true, false, '', ''),
  ('2026-02', 54, '2026-02-25', '홈플', 6000, '홈플', '더모아', '식료품', true, false, '', ''),
  ('2026-02', 55, '2026-02-27', '김밥', 6000, '배민', '더모아', '외식배달', true, false, '', ''),
  ('2026-02', 56, '2026-02-27', '면세 취소용', 389894, '롯데면세점', 'mg+s(나)', '', true, false, '3', ''),
  ('2026-02', 57, '2026-02-27', '면세 취소용', 642427, '롯데면세점', 'mg+s(재욱)', '', true, false, '3', ''),
  ('2026-03', 0, NULL, 'mg취소', -642427, '', 'mg+s(재욱)', '', true, false, '', ''),
  ('2026-03', 1, '2026-03-02', '자동차보험', 653540, '', 'mg+s(재욱)', '자동차', true, false, '', ''),
  ('2026-03', 2, NULL, '재욱 보험', 130589, '삼성화재', 'mg+s(재욱)', '', true, false, '', ''),
  ('2026-03', 3, '2026-03-03', '애플 개발자계정', 129000, '', 'mg+s(재욱)', '', true, false, '', ''),
  ('2026-03', 4, NULL, '재욱자기개발', 62231, '', 'mg+s(재욱)', '', true, false, '', ''),
  ('2026-03', 5, '2026-03-18', '수영', 51000, '휘경이문복지관', '농협', '취미생활', true, false, '', ''),
  ('2026-03', 6, '2026-03-18', '수영', 45900, '휘경이문복지관', '농협', '취미생활', true, false, '', ''),
  ('2026-03', 7, NULL, 'mg취소', -389894, '', 'mg+s(나)', '', true, false, '', ''),
  ('2026-03', 8, '2026-03-18', '리쥬란', 130000, '나세르', '현대', '리쥬란', true, false, '', ''),
  ('2026-03', 9, '2026-03-18', '리쥬란', 600000, '나세르', 'mg+s(나)', '리쥬란', true, false, '', ''),
  ('2026-03', 10, '2026-03-18', '리쥬란', 230000, '나세르', 'mg+s(재욱)', '리쥬란', true, false, '', ''),
  ('2026-03', 11, '2026-03-02', '식사', 475000, '긴자 판교점', 'mg+s(나)', '', true, false, '', ''),
  ('2026-03', 12, '2026-03-13', '위고비', 280000, '연세속편한내과', 'mg+s(나)', '위고비', true, false, '', ''),
  ('2026-03', 13, '2026-03-04', '컬쳐', 325850, '', '제일(3일이후)', '', true, false, '', ''),
  ('2026-03', 14, '2026-03-19', '실비', 58871, '', '농협', '', true, false, '', ''),
  ('2026-03', 15, '2026-03-01', '차지비', 6749, '차지비', '더모아', '충전', true, false, '', ''),
  ('2026-03', 16, '2026-03-03', '김밥', 5999, '배민', '더모아', '외식배달', true, false, '', ''),
  ('2026-03', 17, '2026-03-05', '떡볶이', 17300, '그동네떡볶이', '내 제이드', '외식배달', true, false, '', ''),
  ('2026-03', 18, '2026-03-06', '커피', 9900, '인더스트리얼', '더모아', '품위유지', true, false, '', ''),
  ('2026-03', 19, '2026-03-06', '뚝딱 콜라', 3000, '뚝딱', '내 제이드', '외식배달', true, false, '', ''),
  ('2026-03', 20, '2026-03-06', '스크래쳐', 6950, '다이소', '더모아', '애들', true, false, '', ''),
  ('2026-03', 21, '2026-03-07', '차지비', 5790, '차지비', '더모아', '충전', true, false, '', ''),
  ('2026-03', 22, '2026-03-08', '빼빼로', 5990, 'gs', '더모아', '외식배달', true, false, '', ''),
  ('2026-03', 23, '2026-03-10', '김밥', 5999, '배민', '더모아', '외식배달', true, false, '', ''),
  ('2026-03', 24, '2026-03-10', '화규', 25000, '화규', '재욱제이드', '외식배달', true, false, '', ''),
  ('2026-03', 25, '2026-03-13', '미르차이', 10000, '미르차이', 'mg+s(나)', '', true, false, '', ''),
  ('2026-03', 26, '2026-03-14', '뿌링클', 17999, '배민', '더모아', '외식배달', true, false, '', ''),
  ('2026-03', 27, '2026-03-12', '콜라', 3000, '차이윤', '재욱제이드', '외식배달', true, false, '', ''),
  ('2026-03', 28, '2026-03-17', '로얄캐닌 4kg', 47000, '옥션', '더모아', '애들', true, false, '', ''),
  ('2026-03', 29, '2026-03-17', '백조의호수', 24000, '놀티켓', 'mg+s(재욱)', '품위유지', true, false, '', ''),
  ('2026-03', 30, '2026-03-17', '김밥', 5999, '배민', '더모아', '외식배달', true, false, '', ''),
  ('2026-03', 31, '2026-03-17', '와플', 5600, '와플대학', '더모아', '외식배달', true, false, '', ''),
  ('2026-03', 32, '2026-03-17', '뽑기', 1000, '뽑기', '내 제이드', '취미생활', true, false, '', ''),
  ('2026-03', 33, '2026-03-17', '인형뽑기', 5000, '뽑기', '재욱제이드', '취미생활', true, false, '', ''),
  ('2026-03', 34, '2026-03-18', '커피', 20999, '배민', '더모아', '품위유지', true, false, '', ''),
  ('2026-03', 35, '2026-03-18', '감기약', 4000, '', '내 제이드', '생필품', true, false, '', ''),
  ('2026-03', 36, '2026-03-19', '병원', 46700, '조은탑', '서울사랑', '병원', false, false, '', ''),
  ('2026-03', 37, '2026-03-19', '병원', 3000, '조은탑', '내 제이드', '병원', true, false, '', ''),
  ('2026-03', 38, '2026-03-19', '병원', 19900, '조은탑', '더모아', '병원', true, false, '', ''),
  ('2026-03', 39, '2026-03-22', '일리 미니 30*4', 27500, '쿠팡', '더모아', '식료품', true, false, '', ''),
  ('2026-03', 40, '2026-03-22', '쿠팡 와우', 8000, '쿠팡', '재욱제이드', '취미생활', true, false, '', ''),
  ('2026-03', 41, '2026-03-20', '쓰레기봉투 10리터 2세트', 5000, 'gs', 'mg+s(나)', '생필품', true, false, '', ''),
  ('2026-03', 42, '2026-03-23', '커피', 11800, '메가', '더모아', '품위유지', true, false, '', ''),
  ('2026-03', 43, '2026-03-23', '해피바스 바디워시 3', 13300, '쿠팡', '더모아+쿠폰', '', false, false, '3', ''),
  ('2026-03', 44, '2026-03-24', '쿠팡', 13000, '쿠팡', '더모아', '식료품', true, false, '', ''),
  ('2026-03', 45, '2026-03-24', '이도 여의도', 5000, '이도', 'mg+s(나)', '외식배달', true, false, '', ''),
  ('2026-03', 46, '2026-03-24', '몽쉘', 6980, '이마트', '더모아', '식료품', true, false, '', ''),
  ('2026-03', 47, '2026-03-25', '김밥', 6000, '배민', '더모아', '외식배달', true, false, '', ''),
  ('2026-03', 48, '2026-03-25', '속옷', 15000, '네이버', 'mg+s(나)', '생필품', true, false, '', ''),
  ('2026-03', 49, '2026-03-25', '내 티셔츠', 9900, '네이버', '더모아', '생필품', true, false, '', ''),
  ('2026-03', 50, '2026-03-25', '깅자티셔츠', 12900, '네이버', '더모아', '생필품', true, false, '', ''),
  ('2026-03', 51, '2026-03-23', '해피바스 바디워시 1', 5900, '쿠팡', '더모아', '생필품', true, false, '', ''),
  ('2026-03', 52, '2026-03-26', '라유 4개', 45540, '지마켓', '현대', '애들', true, false, '1', ''),
  ('2026-03', 53, '2026-03-27', '충전', 5790, '차지비', '더모아', '충전', true, false, '', ''),
  ('2026-03', 54, '2026-03-29', '노랑통닭', 14000, '쿠팡이츠', '더모아', '외식배달', true, false, '', ''),
  ('2026-03', 55, '2026-03-31', '티젠타로밀크티', 7500, '쿠팡', '내 제이드', '식료품', true, false, '1', ''),
  ('2026-04', 0, NULL, '재욱 보험', 130589, '삼성화재', 'mg+s(재욱)', '', true, false, '', ''),
  ('2026-04', 1, NULL, '재욱자기개발', 32956, '클로드', 'mg+s(재욱)', '', true, false, '', ''),
  ('2026-04', 2, NULL, '수영', 51000, '휘경이문복지관', 'mg+s(재욱)할인', '취미생활', false, true, '', ''),
  ('2026-04', 3, NULL, '수영', 45900, '휘경이문복지관', 'mg+s(재욱)할인', '취미생활', false, true, '', ''),
  ('2026-04', 4, '2026-04-01', '컬쳐 6', 279300, '', '내 스무살우리', '', false, false, '', ''),
  ('2026-04', 5, '2026-04-01', '컬쳐 4', 186200, '', '내 선불교통', '', false, false, '', ''),
  ('2026-04', 6, '2026-04-01', '컬쳐 6', 279300, '', '재욱 스무살우리', '', false, false, '', ''),
  ('2026-04', 7, '2026-04-01', '컬쳐 4', 186200, '', '재욱 선불교통', '', false, false, '', ''),
  ('2026-04', 8, '2026-04-02', '컬쳐 1', 46550, '', '내 스무살우리', '', false, false, '', ''),
  ('2026-04', 9, '2026-04-02', '컬쳐 3', 139650, '', '내 선불교통', '', false, false, '', ''),
  ('2026-04', 10, '2026-04-02', '컬쳐 1', 46550, '', '재욱 스무살우리', '', false, false, '', ''),
  ('2026-04', 11, '2026-04-02', '컬쳐 3', 139650, '', '재욱 선불교통', '', false, false, '', ''),
  ('2026-04', 12, '2026-04-06', '컬쳐 4', 186600, '옥션', '제일(3일이후)', '', true, false, '', ''),
  ('2026-04', 13, '2026-04-03', '에카자야 왕복 2인(260k*4)', 102558, '에카자야', 'mg+s(나)', '여행', true, false, '', ''),
  ('2026-04', 14, NULL, '실비', 58871, '삼성', 'mg+s(나)', '', true, false, '3', ''),
  ('2026-04', 15, '2026-04-01', '로얄캐닌 피트 4kg', 49588, 'ssg', 'mg+s(나)할인', '애들', false, true, '', ''),
  ('2026-04', 16, '2026-04-02', '편의점', 6000, '배민', '더모아', '외식배달', true, false, '', ''),
  ('2026-04', 17, '2026-04-02', '빌리프 맨올로지 에멀전 로션', 12000, '쿠팡', '더모아', '재욱', true, false, '', ''),
  ('2026-04', 18, '2026-04-03', '쿠팡', 15000, '쿠팡', '더모아', '식료품', true, false, '', ''),
  ('2026-04', 19, '2026-04-03', '미용실 예약금', 5000, '네이버', '내 제이드', '솔지', true, false, '', ''),
  ('2026-04', 20, '2026-04-06', '빵', 32400, '브레드칸', '재욱제이드', '', true, false, '', ''),
  ('2026-04', 21, '2026-04-03', '우슴 음료', 3000, '우슴', 'mg+s(나)', '외식배달', true, false, '', ''),
  ('2026-04', 22, '2026-04-04', '간식', 5400, 'gs25', '더모아', '외식배달', true, false, '', ''),
  ('2026-04', 23, '2026-04-05', '마카롱', 3000, '공릉빵집', '내 제이드', '외식배달', true, false, '', ''),
  ('2026-04', 24, '2026-04-05', '네이버플러스멤버십', 46800, '네이버', 'mg+s(나)할인', '생필품', false, true, '', ''),
  ('2026-04', 25, '2026-04-06', '재욱 기후동행', 3000, 'cu', '내 제이드', '생필품', true, false, '', ''),
  ('2026-04', 26, '2026-04-06', '기후동행솔지', 62000, '모바일티머니', '제일(3일이후)', '', true, false, '', ''),
  ('2026-04', 27, '2026-04-06', '기후동행재욱', 55000, '모바일티머니', '제일(3일이후)', '', true, false, '', ''),
  ('2026-04', 28, '2026-04-07', '불닭마요 2', 6500, '쿠팡', '더모아', '식료품', true, false, '', ''),
  ('2026-04', 29, '2026-04-07', '아이스크림', 14000, '가젤커피', 'mg+s(나)할인', '솔지', false, true, '', ''),
  ('2026-04', 30, '2026-04-08', '쿠팡', 16970, '쿠팡', '더모아', '식료품', true, false, '', ''),
  ('2026-04', 31, '2026-04-08', '피임약 ㅠㅠ', 43000, '병원+약국', 'mg+s(나)할인', '솔지', false, true, '', ''),
  ('2026-04', 32, '2026-04-08', '김밥', 6000, '배민', '더모아', '외식배달', true, false, '', ''),
  ('2026-04', 33, '2026-04-08', '편의점', 5900, '이마트24+gs', '내 제이드', '외식배달', true, false, '', ''),
  ('2026-04', 34, '2026-04-08', '담배', 5200, '이마트24', '더모아', '솔지', true, false, '', ''),
  ('2026-04', 35, '2026-04-08', '핸드폰케이스+청소기부속', 16662, '알리', '더모아', '생필품', true, false, '', ''),
  ('2026-04', 36, '2026-04-09', '위프 탈취제', 18700, '위프', 'mg+s(나)할인', '재욱', false, true, '', ''),
  ('2026-04', 37, '2026-04-11', '아쿠아리움 2인', 5800, '쿠팡', '내 제이드', '취미생활', true, false, '', ''),
  ('2026-04', 38, '2026-04-11', '햄버거', 7000, '배민', '더모아', '외식배달', true, false, '', ''),
  ('2026-04', 39, '2026-04-11', '햄버거', 4700, '노브랜드', '내 제이드', '외식배달', true, false, '', ''),
  ('2026-04', 40, '2026-04-12', '알리', 8719, '알리', '더모아', '여행', true, false, '', ''),
  ('2026-04', 41, '2026-04-12', '츄르 52', 19440, '네이버', 'mg+s(나)할인', '애들', false, true, '', ''),
  ('2026-04', 42, '2026-04-12', '츄르 52', 18150, '네이버', 'mg+s(재욱)할인', '애들', false, true, '', ''),
  ('2026-04', 43, '2026-04-12', '사과+@', 15710, '쿠팡', 'mg+s(나)할인', '식료품', false, true, '', ''),
  ('2026-04', 44, '2026-04-12', '열라면', 6000, '쿠팡', '더모아', '식료품', true, false, '', ''),
  ('2026-04', 45, '2026-04-13', '김밥', 6000, '배민', '더모아', '외식배달', true, false, '', ''),
  ('2026-04', 46, '2026-04-14', '염소제거 샴푸', 9900, '어푸밍', '더모아', '취미생활', true, false, '', ''),
  ('2026-04', 47, '2026-04-15', '김밥', 6000, '배민', '더모아', '외식배달', true, false, '', ''),
  ('2026-04', 48, '2026-04-15', '염소제거 샴푸', 9900, '어푸밍', '더모아', '취미생활', true, false, '', ''),
  ('2026-04', 49, '2026-04-15', '필터30개', 15500, '네이버', 'mg+s(나)할인', '여행', false, true, '', ''),
  ('2026-04', 50, '2026-04-15', '아이스크림', 2400, '맥도날드', '내 제이드', '외식배달', true, false, '', ''),
  ('2026-04', 51, '2026-04-16', '김밥', 6000, '배민', '더모아', '외식배달', true, false, '', ''),
  ('2026-04', 52, '2026-04-17', '김밥', 6000, '배민', '더모아', '외식배달', true, false, '', ''),
  ('2026-04', 53, '2026-04-18', '쿠팡', 17320, '쿠팡', 'mg+s(나)할인', '식료품', false, true, '', ''),
  ('2026-04', 54, '2026-04-18', '탕수육', 12000, '쿠팡이츠', 'mg+s(나)할인', '식료품', false, true, '', ''),
  ('2026-04', 55, '2026-04-18', '햄버거', 7700, '노브랜드버거', '더모아', '외식배달', true, false, '', ''),
  ('2026-04', 56, '2026-04-18', '신의주순대국3', 11000, '컬리', '더모아', '식료품', true, false, '', ''),
  ('2026-04', 57, '2026-04-19', '아이스크림', 600, '삼시세끼', '내 제이드', '외식배달', true, false, '', ''),
  ('2026-04', 58, '2026-04-20', '부쉬맨 선크림 50*2', 18337, '롯데면세점', 'mg+s(나)할인', '여행', false, true, '2', ''),
  ('2026-04', 59, '2026-04-21', '커피', 2200, '스타벅스', '농협', '외식배달', true, false, '', ''),
  ('2026-04', 60, '2026-04-23', '부쉬맨 선크림 50*2', 18337, '롯데면세점', 'mg+s(나)할인', '여행', false, true, '2', ''),
  ('2026-04', 61, '2026-04-23', '라유4', 45780, '지마켓', '농협', '애들', true, false, '', ''),
  ('2026-04', 62, '2026-04-21', '커피', 9500, '쁠랑커피', 'mg+s(재욱)', '', true, false, '', ''),
  ('2026-04', 63, '2026-04-24', '라유4', 45640, '지마켓', '현대', '애들', true, false, '', ''),
  ('2026-04', 64, '2026-04-24', '콜라 190*60', 21140, '지마켓', 'mg+s(나)할인', '식료품', false, true, '', ''),
  ('2026-04', 65, '2026-04-24', '메이타왕에그타르트', 17400, '성수', 'mg+s(나)할인', '외식배달', false, true, '', ''),
  ('2026-04', 66, '2026-04-25', '노브랜드 햄버거', 6600, '노브랜드', '더모아', '외식배달', true, false, '', ''),
  ('2026-04', 67, '2026-04-25', '파우치옷걸이 2개', 14931, '알리', '더모아', '여행', true, false, '', ''),
  ('2026-04', 68, '2026-04-25', '발리 여행자보험', 11630, '카카오', 'mg+s(나)할인', '여행', false, true, '', ''),
  ('2026-04', 69, '2026-04-25', '신기패+소독제', 15180, '쿠팡', 'mg+s(나)할인', '생필품', false, true, '', ''),
  ('2026-04', 70, '2026-04-26', '콜라', 1500, '을지다락', 'mg+s(나)', '외식배달', true, false, '', ''),
  ('2026-04', 71, '2026-04-26', '원피스', 14273, '알리', '더모아', '여행', true, false, '', ''),
  ('2026-04', 72, '2026-04-26', '비강확장밴드.스토퍼 등', 6000, '다이소', '더모아', '생필품', true, false, '', ''),
  ('2026-04', 73, '2026-04-27', '실리콘빨대', 12500, '네이버', 'mg+s(나)할인', '생필품', false, true, '', ''),
  ('2026-04', 74, '2026-04-27', '꾸따 숙소', 20000, '트립닷컴', 'mg+s(나)할인', '여행', false, true, '', ''),
  ('2026-04', 75, '2026-04-25', '쿠팡 와우', 7890, '쿠팡', 'mg+s(재욱)할인', '생필품', false, true, '', ''),
  ('2026-04', 76, '2026-04-25', '여행보험', 11000, '카카오', 'mg+s(재욱)할인', '여행', false, true, '', ''),
  ('2026-04', 77, '2026-04-24', 'GPT', 29000, 'openai', 'mg+s(재욱)할인', '', false, true, '', ''),
  ('2026-04', 78, '2026-04-26', '미용실', 30000, '라이언헤어', '현금', '품위유지', false, false, '', ''),
  ('2026-04', 79, '2026-04-28', '청하', 7000, '이부장', '더모아', '외식배달', true, false, '', ''),
  ('2026-04', 80, '2026-04-29', '편의점', 5950, 'gs25', '더모아', '외식배달', true, false, '', ''),
  ('2026-04', 81, '2026-04-29', '재이 운동화', 56000, '더현대', 'mg+s(나)할인', '양가', false, true, '2', ''),
  ('2026-05', 0, '2026-04-20', '부쉬맨 선크림 50*2', 18337, '롯데면세점', '내 mg', '', false, false, '3', ''),
  ('2026-05', 1, '2026-04-23', '부쉬맨 선크림 50*2', 18337, '롯데면세점', '내 mg', '', false, false, '3', ''),
  ('2026-05', 2, NULL, '실비', 58000, '삼성', '', '', false, false, '', ''),
  ('2026-05', 3, NULL, '재욱 보험', 130589, '삼성화재', 'mg+s(재욱)', '', true, false, '', ''),
  ('2026-05', 4, NULL, '재욱자기개발', 32956, '클로드', 'mg+s(재욱)', '', true, false, '', ''),
  ('2026-05', 5, NULL, '재욱자기개발', 25000, 'GPT', 'mg+s(재욱)할인', '', false, true, '', ''),
  ('2026-05', 6, NULL, '수영', 51000, '휘경이문복지관', 'mg+s(재욱)할인', '취미생활', false, true, '', ''),
  ('2026-05', 7, NULL, '수영', 45900, '휘경이문복지관', 'mg+s(재욱)할인', '취미생활', false, true, '', ''),
  ('2026-05', 8, NULL, '재욱기후동행', 55000, '', '제일현대체크', '', true, false, '', ''),
  ('2026-05', 9, '2026-05-01', '컬쳐 6', 279000, '', '제일현대체크', '', true, false, '2', ''),
  ('2026-05', 10, NULL, '양도세', 400000, '', '네이버페이체크', '', false, false, '3', ''),
  ('2026-05', 11, '2026-05-01', '공항택시', 25155, '트래블로카', 'mg+s(재욱)할인', '여행', false, true, '', ''),
  ('2026-05', 12, '2026-05-01', '햄버거', 6600, '노브랜드', '더모아', '외식배달', true, false, '', ''),
  ('2026-05', 13, '2026-05-02', '사과, 두부 등', 15900, '쿠팡', '더모아', '외식배달', true, false, '', ''),
  ('2026-05', 14, '2026-05-02', '발리 이심', 5820, '네이버', '더모아', '여행', true, false, '', ''),
  ('2026-05', 15, '2026-05-02', '처방비', 10000, '나만의닥터', '내 제이드', '위고비', true, false, '', ''),
  ('2026-05', 16, '2026-05-02', '위고비1.7', 340000, '그랜드약국', 'mg+s(나)할인', '위고비', false, true, '', ''),
  ('2026-05', 17, '2026-05-02', '노티드', 11600, '노티드 잠실', '더모아', '외식배달', true, false, '', ''),
  ('2026-05', 18, '2026-05-02', '젤리', 3000, '롯데아쿠아리움', '내 제이드', '외식배달', true, false, '', ''),
  ('2026-05', 19, '2026-05-03', '탐폰', 8000, '쿠팡', '더모아', '생필품', true, false, '', ''),
  ('2026-05', 20, '2026-05-03', '발리이심', 6000, '네이버', '더모아', '여행', true, false, '', ''),
  ('2026-05', 21, '2026-05-03', '크로플', 3300, '창덕궁', '내 제이드', '외식배달', true, false, '', ''),
  ('2026-05', 22, '2026-05-03', '창덕궁 입장', 6000, '창덕궁', '내 제이드', '취미생활', true, false, '', ''),
  ('2026-05', 23, '2026-05-03', '콜라', 2500, '요비', '내 제이드', '외식배달', true, false, '', ''),
  ('2026-05', 24, '2026-05-04', '빠당바이 투어', 24208, '트래블로카', 'mg+s(나)', '여행', true, false, '', ''),
  ('2026-05', 25, '2026-05-04', '공항택시', 25121, '트래블로카', 'mg+s(나)', '여행', true, false, '', ''),
  ('2026-05', 26, '2026-05-04', '충전', 5799, '차지비', '더모아', '충전', true, false, '', ''),
  ('2026-05', 27, '2026-05-05', '커피+팥빙수', 8000, '메가', '더모아', '외식배달', true, false, '', ''),
  ('2026-05', 28, '2026-05-05', '스마트태그+@', 11290, '알리', '더모아', '취미생활', true, false, '', ''),
  ('2026-05', 29, '2026-05-06', '짜파게티 20', 13000, '네이버', '더모아', '식료품', true, false, '', ''),
  ('2026-05', 30, '2026-05-06', '김밥', 6000, '배민', '더모아', '외식배달', true, false, '', ''),
  ('2026-05', 31, '2026-05-04', '국제면허', 9000, '한국도로교통', 'mg+s(재욱)', '여행', true, false, '', ''),
  ('2026-05', 32, '2026-05-06', '커피', 2300, '메가', '내 제이드', '외식배달', true, false, '', ''),
  ('2026-05', 33, '2026-05-07', '후라이팬4', 42000, '홈플', '더모아', '생필품', true, false, '1', '');

-- Empty memos for migrated months
INSERT INTO public.memos (month, memo) VALUES
  ('2026-01', '{"payments":[],"checklist":[],"benefits":[],"freeText":"","images":[],"cards":[]}'::jsonb),
  ('2026-02', '{"payments":[],"checklist":[],"benefits":[],"freeText":"","images":[],"cards":[]}'::jsonb),
  ('2026-03', '{"payments":[],"checklist":[],"benefits":[],"freeText":"","images":[],"cards":[]}'::jsonb),
  ('2026-04', '{"payments":[],"checklist":[],"benefits":[],"freeText":"","images":[],"cards":[]}'::jsonb),
  ('2026-05', '{"payments":[],"checklist":[],"benefits":[],"freeText":"","images":[],"cards":[]}'::jsonb);

-- Manual review required before importing these rows
-- 26.01 row 49: raw date "1/??" / item "수영" / amount 96900

COMMIT;
